Year,Jurisdiction,"National School Lunch Program eligibility, 3 categories",Average scale score
2022,National,Eligible,247.9898
2022,National,Not eligible,270.6677
2022,National,Information not available,274.1848
2022,Alabama,Eligible,238.4019
2022,Alabama,Not eligible,261.4955
2022,Alabama,Information not available,à
2022,Alaska,Eligible,235.5266
2022,Alaska,Not eligible,265.4239
2022,Alaska,Information not available,à
2022,Arizona,Eligible,247.2441
2022,Arizona,Not eligible,268.4633
2022,Arizona,Information not available,à
2022,Arkansas,Eligible,248.7210
2022,Arkansas,Not eligible,267.3398
2022,Arkansas,Information not available,à
2022,California,Eligible,248.1208
2022,California,Not eligible,274.3995
2022,California,Information not available,260.4185
2022,Colorado,Eligible,245.4182
2022,Colorado,Not eligible,273.7567
2022,Colorado,Information not available,à
2022,Connecticut,Eligible,248.1431
2022,Connecticut,Not eligible,273.8191
2022,Connecticut,Information not available,à
2022,Delaware,Eligible,241.2989
2022,Delaware,Not eligible,256.2614
2022,Delaware,Information not available,à
2022,District of Columbia,Eligible,240.5373
2022,District of Columbia,Not eligible,283.6934
2022,District of Columbia,Information not available,à
2022,DoDEA,Eligible,à
2022,DoDEA,Not eligible,à
2022,DoDEA,Information not available,à
2022,Florida,Eligible,252.5069
2022,Florida,Not eligible,268.6445
2022,Florida,Information not available,à
2022,Georgia,Eligible,249.8300
2022,Georgia,Not eligible,271.8938
2022,Georgia,Information not available,à
2022,Hawaii,Eligible,246.3090
2022,Hawaii,Not eligible,268.7226
2022,Hawaii,Information not available,à
2022,Idaho,Eligible,253.5712
2022,Idaho,Not eligible,270.9528
2022,Idaho,Information not available,264.1552
2022,Illinois,Eligible,248.0133
2022,Illinois,Not eligible,274.1558
2022,Illinois,Information not available,252.6711
2022,Indiana,Eligible,248.9958
2022,Indiana,Not eligible,271.2851
2022,Indiana,Information not available,à
2022,Iowa,Eligible,245.4581
2022,Iowa,Not eligible,268.8663
2022,Iowa,Information not available,à
2022,Kansas,Eligible,242.6676
2022,Kansas,Not eligible,267.3679
2022,Kansas,Information not available,à
2022,Kentucky,Eligible,248.8349
2022,Kentucky,Not eligible,271.6279
2022,Kentucky,Information not available,à
2022,Louisiana,Eligible,249.1921
2022,Louisiana,Not eligible,271.9173
2022,Louisiana,Information not available,à
2022,Maine,Eligible,241.7410
2022,Maine,Not eligible,265.7422
2022,Maine,Information not available,à
2022,Maryland,Eligible,242.5525
2022,Maryland,Not eligible,271.4763
2022,Maryland,Information not available,à
2022,Massachusetts,Eligible,253.6122
2022,Massachusetts,Not eligible,279.4569
2022,Massachusetts,Information not available,à
2022,Michigan,Eligible,246.3666
2022,Michigan,Not eligible,269.6364
2022,Michigan,Information not available,à
2022,Minnesota,Eligible,241.5046
2022,Minnesota,Not eligible,267.8738
2022,Minnesota,Information not available,à
2022,Mississippi,Eligible,247.2945
2022,Mississippi,Not eligible,271.2500
2022,Mississippi,Information not available,à
2022,Missouri,Eligible,244.0090
2022,Missouri,Not eligible,267.6035
2022,Missouri,Information not available,à
2022,Montana,Eligible,248.7099
2022,Montana,Not eligible,269.1651
2022,Montana,Information not available,à
2022,Nebraska,Eligible,247.5684
2022,Nebraska,Not eligible,267.5803
2022,Nebraska,Information not available,à
2022,Nevada,Eligible,255.2313
2022,Nevada,Not eligible,271.3512
2022,Nevada,Information not available,à
2022,New Hampshire,Eligible,252.4734
2022,New Hampshire,Not eligible,268.0699
2022,New Hampshire,Information not available,260.8376
2022,New Jersey,Eligible,250.9712
2022,New Jersey,Not eligible,279.0016
2022,New Jersey,Information not available,à
2022,New Mexico,Eligible,242.3596
2022,New Mexico,Not eligible,264.8280
2022,New Mexico,Information not available,à
2022,New York,Eligible,250.7269
2022,New York,Not eligible,277.0018
2022,New York,Information not available,265.8682
2022,North Carolina,Eligible,243.0332
2022,North Carolina,Not eligible,262.9792
2022,North Carolina,Information not available,à
2022,North Dakota,Eligible,243.4511
2022,North Dakota,Not eligible,263.3710
2022,North Dakota,Information not available,à
2022,Ohio,Eligible,247.9253
2022,Ohio,Not eligible,273.2629
2022,Ohio,Information not available,à
2022,Oklahoma,Eligible,244.7408
2022,Oklahoma,Not eligible,259.5571
2022,Oklahoma,Information not available,à
2022,Oregon,Eligible,257.0518
2022,Oregon,Not eligible,à
2022,Oregon,Information not available,à
2022,Pennsylvania,Eligible,244.9820
2022,Pennsylvania,Not eligible,271.1858
2022,Pennsylvania,Information not available,à
2022,Rhode Island,Eligible,244.3177
2022,Rhode Island,Not eligible,271.5693
2022,Rhode Island,Information not available,à
2022,South Carolina,Eligible,243.9611
2022,South Carolina,Not eligible,268.3957
2022,South Carolina,Information not available,à
2022,South Dakota,Eligible,243.9084
2022,South Dakota,Not eligible,267.7609
2022,South Dakota,Information not available,à
2022,Tennessee,Eligible,242.9530
2022,Tennessee,Not eligible,262.9391
2022,Tennessee,Information not available,à
2022,Texas,Eligible,247.7620
2022,Texas,Not eligible,266.6106
2022,Texas,Information not available,à
2022,Utah,Eligible,251.8852
2022,Utah,Not eligible,270.6920
2022,Utah,Information not available,à
2022,Vermont,Eligible,252.5951
2022,Vermont,Not eligible,269.8457
2022,Vermont,Information not available,à
2022,Virginia,Eligible,242.2907
2022,Virginia,Not eligible,269.8472
2022,Virginia,Information not available,à
2022,Washington,Eligible,247.1954
2022,Washington,Not eligible,274.3883
2022,Washington,Information not available,à
2022,West Virginia,Eligible,239.7352
2022,West Virginia,Not eligible,258.1760
2022,West Virginia,Information not available,à
2022,Wisconsin,Eligible,246.9616
2022,Wisconsin,Not eligible,272.6096
2022,Wisconsin,Information not available,à
2022,Wyoming,Eligible,249.4623
2022,Wyoming,Not eligible,264.8104
2022,Wyoming,Information not available,à
2019,National,Eligible,249.5772
2019,National,Not eligible,274.9423
2019,National,Information not available,276.0807
2019,Alabama,Eligible,242.8245
2019,Alabama,Not eligible,263.9550
2019,Alabama,Information not available,à
2019,Alaska,Eligible,239.7229
2019,Alaska,Not eligible,264.1527
2019,Alaska,Information not available,à
2019,Arizona,Eligible,248.1781
2019,Arizona,Not eligible,272.2196
2019,Arizona,Information not available,281.4718
2019,Arkansas,Eligible,249.5714
2019,Arkansas,Not eligible,273.7237
2019,Arkansas,Information not available,à
2019,California,Eligible,247.6083
2019,California,Not eligible,275.7137
2019,California,Information not available,à
2019,Colorado,Eligible,249.5945
2019,Colorado,Not eligible,277.9877
2019,Colorado,Information not available,à
2019,Connecticut,Eligible,253.6334
2019,Connecticut,Not eligible,279.8705
2019,Connecticut,Information not available,à
2019,Delaware,Eligible,245.0595
2019,Delaware,Not eligible,265.0196
2019,Delaware,Information not available,à
2019,District of Columbia,Eligible,237.7724
2019,District of Columbia,Not eligible,276.9807
2019,District of Columbia,Information not available,à
2019,DoDEA,Eligible,à
2019,DoDEA,Not eligible,à
2019,DoDEA,Information not available,à
2019,Florida,Eligible,254.5599
2019,Florida,Not eligible,275.6207
2019,Florida,Information not available,à
2019,Georgia,Eligible,251.9713
2019,Georgia,Not eligible,278.3411
2019,Georgia,Information not available,à
2019,Hawaii,Eligible,245.4772
2019,Hawaii,Not eligible,267.1265
2019,Hawaii,Information not available,à
2019,Idaho,Eligible,254.7763
2019,Idaho,Not eligible,275.7136
2019,Idaho,Information not available,à
2019,Illinois,Eligible,251.3640
2019,Illinois,Not eligible,278.0021
2019,Illinois,Information not available,à
2019,Indiana,Eligible,255.1478
2019,Indiana,Not eligible,275.6501
2019,Indiana,Information not available,à
2019,Iowa,Eligible,246.0719
2019,Iowa,Not eligible,273.4911
2019,Iowa,Information not available,à
2019,Kansas,Eligible,251.2165
2019,Kansas,Not eligible,273.9553
2019,Kansas,Information not available,à
2019,Kentucky,Eligible,252.9967
2019,Kentucky,Not eligible,276.7506
2019,Kentucky,Information not available,à
2019,Louisiana,Eligible,249.3081
2019,Louisiana,Not eligible,273.4168
2019,Louisiana,Information not available,à
2019,Maine,Eligible,255.1556
2019,Maine,Not eligible,272.6775
2019,Maine,Information not available,à
2019,Maryland,Eligible,247.4223
2019,Maryland,Not eligible,276.3741
2019,Maryland,Information not available,à
2019,Massachusetts,Eligible,253.0715
2019,Massachusetts,Not eligible,280.7704
2019,Massachusetts,Information not available,à
2019,Michigan,Eligible,250.2968
2019,Michigan,Not eligible,273.9361
2019,Michigan,Information not available,à
2019,Minnesota,Eligible,246.8927
2019,Minnesota,Not eligible,273.1134
2019,Minnesota,Information not available,à
2019,Mississippi,Eligible,250.4978
2019,Mississippi,Not eligible,275.3850
2019,Mississippi,Information not available,à
2019,Missouri,Eligible,251.4275
2019,Missouri,Not eligible,275.0472
2019,Missouri,Information not available,à
2019,Montana,Eligible,253.4627
2019,Montana,Not eligible,273.3334
2019,Montana,Information not available,à
2019,Nebraska,Eligible,249.5593
2019,Nebraska,Not eligible,274.6302
2019,Nebraska,Information not available,à
2019,Nevada,Eligible,249.2417
2019,Nevada,Not eligible,270.7229
2019,Nevada,Information not available,à
2019,New Hampshire,Eligible,250.2757
2019,New Hampshire,Not eligible,274.6591
2019,New Hampshire,Information not available,258.3979
2019,New Jersey,Eligible,250.6468
2019,New Jersey,Not eligible,281.4127
2019,New Jersey,Information not available,à
2019,New Mexico,Eligible,244.2387
2019,New Mexico,Not eligible,271.8469
2019,New Mexico,Information not available,à
2019,New York,Eligible,250.1669
2019,New York,Not eligible,272.9734
2019,New York,Information not available,282.9000
2019,North Carolina,Eligible,249.3185
2019,North Carolina,Not eligible,272.5145
2019,North Carolina,Information not available,à
2019,North Dakota,Eligible,250.4826
2019,North Dakota,Not eligible,268.9655
2019,North Dakota,Information not available,à
2019,Ohio,Eligible,249.8090
2019,Ohio,Not eligible,280.6197
2019,Ohio,Information not available,à
2019,Oklahoma,Eligible,250.0360
2019,Oklahoma,Not eligible,270.3645
2019,Oklahoma,Information not available,à
2019,Oregon,Eligible,253.7687
2019,Oregon,Not eligible,276.2533
2019,Oregon,Information not available,à
2019,Pennsylvania,Eligible,249.8363
2019,Pennsylvania,Not eligible,276.0351
2019,Pennsylvania,Information not available,à
2019,Rhode Island,Eligible,244.8849
2019,Rhode Island,Not eligible,277.1467
2019,Rhode Island,Information not available,à
2019,South Carolina,Eligible,249.0159
2019,South Carolina,Not eligible,272.5790
2019,South Carolina,Information not available,à
2019,South Dakota,Eligible,248.1300
2019,South Dakota,Not eligible,268.7923
2019,South Dakota,Information not available,à
2019,Tennessee,Eligible,248.0176
2019,Tennessee,Not eligible,268.3807
2019,Tennessee,Information not available,à
2019,Texas,Eligible,245.8984
2019,Texas,Not eligible,269.8566
2019,Texas,Information not available,268.7095
2019,Utah,Eligible,254.0943
2019,Utah,Not eligible,274.6530
2019,Utah,Information not available,à
2019,Vermont,Eligible,256.7547
2019,Vermont,Not eligible,275.0625
2019,Vermont,Information not available,263.1985
2019,Virginia,Eligible,245.5955
2019,Virginia,Not eligible,271.5884
2019,Virginia,Information not available,à
2019,Washington,Eligible,249.3306
2019,Washington,Not eligible,281.7066
2019,Washington,Information not available,à
2019,West Virginia,Eligible,247.6189
2019,West Virginia,Not eligible,262.3961
2019,West Virginia,Information not available,à
2019,Wisconsin,Eligible,252.4312
2019,Wisconsin,Not eligible,278.2187
2019,Wisconsin,Information not available,à
2019,Wyoming,Eligible,252.8442
2019,Wyoming,Not eligible,270.9095
2019,Wyoming,Information not available,à
2017,National,Eligible,253.2830
2017,National,Not eligible,277.4589
2017,National,Information not available,279.9220
2017,Alabama,Eligible,247.2443
2017,Alabama,Not eligible,274.1743
2017,Alabama,Information not available,à
2017,Alaska,Eligible,246.2349
2017,Alaska,Not eligible,267.9251
2017,Alaska,Information not available,à
2017,Arizona,Eligible,253.7610
2017,Arizona,Not eligible,271.7800
2017,Arizona,Information not available,278.6295
2017,Arkansas,Eligible,252.0842
2017,Arkansas,Not eligible,272.0264
2017,Arkansas,Information not available,à
2017,California,Eligible,251.0089
2017,California,Not eligible,278.5473
2017,California,Information not available,254.0061
2017,Colorado,Eligible,254.1794
2017,Colorado,Not eligible,281.1164
2017,Colorado,Information not available,à
2017,Connecticut,Eligible,254.4218
2017,Connecticut,Not eligible,281.9402
2017,Connecticut,Information not available,à
2017,Delaware,Eligible,252.3353
2017,Delaware,Not eligible,267.8793
2017,Delaware,Information not available,à
2017,District of Columbia,Eligible,236.8677
2017,District of Columbia,Not eligible,277.0715
2017,District of Columbia,Information not available,à
2017,DoDEA,Eligible,à
2017,DoDEA,Not eligible,à
2017,DoDEA,Information not available,à
2017,Florida,Eligible,257.4352
2017,Florida,Not eligible,278.1675
2017,Florida,Information not available,à
2017,Georgia,Eligible,255.9921
2017,Georgia,Not eligible,279.7381
2017,Georgia,Information not available,275.5444
2017,Hawaii,Eligible,249.9137
2017,Hawaii,Not eligible,270.0542
2017,Hawaii,Information not available,à
2017,Idaho,Eligible,260.3381
2017,Idaho,Not eligible,276.0687
2017,Idaho,Information not available,279.6896
2017,Illinois,Eligible,255.1507
2017,Illinois,Not eligible,277.1107
2017,Illinois,Information not available,à
2017,Indiana,Eligible,260.8819
2017,Indiana,Not eligible,281.3796
2017,Indiana,Information not available,à
2017,Iowa,Eligible,252.6473
2017,Iowa,Not eligible,276.7506
2017,Iowa,Information not available,à
2017,Kansas,Eligible,253.8880
2017,Kansas,Not eligible,278.2916
2017,Kansas,Information not available,à
2017,Kentucky,Eligible,255.7124
2017,Kentucky,Not eligible,278.2295
2017,Kentucky,Information not available,à
2017,Louisiana,Eligible,249.2156
2017,Louisiana,Not eligible,273.2534
2017,Louisiana,Information not available,à
2017,Maine,Eligible,259.0302
2017,Maine,Not eligible,276.1798
2017,Maine,Information not available,à
2017,Maryland,Eligible,249.2956
2017,Maryland,Not eligible,279.7739
2017,Maryland,Information not available,à
2017,Massachusetts,Eligible,257.1868
2017,Massachusetts,Not eligible,285.1626
2017,Massachusetts,Information not available,à
2017,Michigan,Eligible,252.9142
2017,Michigan,Not eligible,275.2211
2017,Michigan,Information not available,à
2017,Minnesota,Eligible,250.7026
2017,Minnesota,Not eligible,278.3004
2017,Minnesota,Information not available,à
2017,Mississippi,Eligible,248.2230
2017,Mississippi,Not eligible,277.7319
2017,Mississippi,Information not available,à
2017,Missouri,Eligible,253.7074
2017,Missouri,Not eligible,276.1263
2017,Missouri,Information not available,à
2017,Montana,Eligible,258.2869
2017,Montana,Not eligible,273.6416
2017,Montana,Information not available,à
2017,Nebraska,Eligible,255.6372
2017,Nebraska,Not eligible,278.6809
2017,Nebraska,Information not available,à
2017,Nevada,Eligible,252.2556
2017,Nevada,Not eligible,270.6252
2017,Nevada,Information not available,à
2017,New Hampshire,Eligible,259.2691
2017,New Hampshire,Not eligible,280.3547
2017,New Hampshire,Information not available,à
2017,New Jersey,Eligible,257.6096
2017,New Jersey,Not eligible,285.2052
2017,New Jersey,Information not available,à
2017,New Mexico,Eligible,250.5272
2017,New Mexico,Not eligible,269.2886
2017,New Mexico,Information not available,à
2017,New York,Eligible,252.6291
2017,New York,Not eligible,275.3319
2017,New York,Information not available,à
2017,North Carolina,Eligible,250.0188
2017,North Carolina,Not eligible,273.5955
2017,North Carolina,Information not available,272.9515
2017,North Dakota,Eligible,252.3263
2017,North Dakota,Not eligible,270.6983
2017,North Dakota,Information not available,à
2017,Ohio,Eligible,251.1315
2017,Ohio,Not eligible,282.0196
2017,Ohio,Information not available,à
2017,Oklahoma,Eligible,254.3324
2017,Oklahoma,Not eligible,272.0100
2017,Oklahoma,Information not available,à
2017,Oregon,Eligible,257.1868
2017,Oregon,Not eligible,279.8088
2017,Oregon,Information not available,à
2017,Pennsylvania,Eligible,257.4523
2017,Pennsylvania,Not eligible,280.6332
2017,Pennsylvania,Information not available,à
2017,Rhode Island,Eligible,246.9666
2017,Rhode Island,Not eligible,280.4069
2017,Rhode Island,Information not available,à
2017,South Carolina,Eligible,249.3081
2017,South Carolina,Not eligible,274.4457
2017,South Carolina,Information not available,à
2017,South Dakota,Eligible,255.3169
2017,South Dakota,Not eligible,274.3207
2017,South Dakota,Information not available,à
2017,Tennessee,Eligible,252.0987
2017,Tennessee,Not eligible,271.0520
2017,Tennessee,Information not available,à
2017,Texas,Eligible,250.6877
2017,Texas,Not eligible,272.3844
2017,Texas,Information not available,266.0800
2017,Utah,Eligible,256.3252
2017,Utah,Not eligible,276.2823
2017,Utah,Information not available,à
2017,Vermont,Eligible,259.7459
2017,Vermont,Not eligible,280.4912
2017,Vermont,Information not available,à
2017,Virginia,Eligible,251.3162
2017,Virginia,Not eligible,276.8827
2017,Virginia,Information not available,à
2017,Washington,Eligible,257.6932
2017,Washington,Not eligible,282.3913
2017,Washington,Information not available,à
2017,West Virginia,Eligible,254.8580
2017,West Virginia,Not eligible,270.5485
2017,West Virginia,Information not available,à
2017,Wisconsin,Eligible,253.5136
2017,Wisconsin,Not eligible,277.4885
2017,Wisconsin,Information not available,267.9419
2017,Wyoming,Eligible,258.7169
2017,Wyoming,Not eligible,275.3024
2017,Wyoming,Information not available,à
2015,National,Eligible,252.6745
2015,National,Not eligible,276.6712
2015,National,Information not available,281.5433
2015,Alabama,Eligible,249.5898
2015,Alabama,Not eligible,270.3138
2015,Alabama,Information not available,à
2015,Alaska,Eligible,244.8279
2015,Alaska,Not eligible,273.9246
2015,Alaska,Information not available,à
2015,Arizona,Eligible,253.7216
2015,Arizona,Not eligible,273.5506
2015,Arizona,Information not available,280.0742
2015,Arkansas,Eligible,249.7026
2015,Arkansas,Not eligible,272.9920
2015,Arkansas,Information not available,à
2015,California,Eligible,248.7939
2015,California,Not eligible,273.4262
2015,California,Information not available,271.0532
2015,Colorado,Eligible,253.3547
2015,Colorado,Not eligible,279.6722
2015,Colorado,Information not available,à
2015,Connecticut,Eligible,255.6918
2015,Connecticut,Not eligible,282.2378
2015,Connecticut,Information not available,à
2015,Delaware,Eligible,252.7778
2015,Delaware,Not eligible,269.2924
2015,Delaware,Information not available,à
2015,District of Columbia,Eligible,238.5507
2015,District of Columbia,Not eligible,275.6014
2015,District of Columbia,Information not available,à
2015,DoDEA,Eligible,à
2015,DoDEA,Not eligible,à
2015,DoDEA,Information not available,à
2015,Florida,Eligible,256.5616
2015,Florida,Not eligible,274.6470
2015,Florida,Information not available,à
2015,Georgia,Eligible,253.0573
2015,Georgia,Not eligible,276.6190
2015,Georgia,Information not available,268.4846
2015,Hawaii,Eligible,246.9868
2015,Hawaii,Not eligible,267.9164
2015,Hawaii,Information not available,à
2015,Idaho,Eligible,259.3861
2015,Idaho,Not eligible,276.1114
2015,Idaho,Information not available,à
2015,Illinois,Eligible,255.7315
2015,Illinois,Not eligible,278.8749
2015,Illinois,Information not available,à
2015,Indiana,Eligible,256.8021
2015,Indiana,Not eligible,279.5078
2015,Indiana,Information not available,à
2015,Iowa,Eligible,255.7846
2015,Iowa,Not eligible,275.7137
2015,Iowa,Information not available,à
2015,Kansas,Eligible,255.5172
2015,Kansas,Not eligible,277.4483
2015,Kansas,Information not available,à
2015,Kentucky,Eligible,259.0402
2015,Kentucky,Not eligible,278.8172
2015,Kentucky,Information not available,à
2015,Louisiana,Eligible,248.8443
2015,Louisiana,Not eligible,267.3082
2015,Louisiana,Information not available,à
2015,Maine,Eligible,259.5123
2015,Maine,Not eligible,275.1910
2015,Maine,Information not available,à
2015,Maryland,Eligible,252.1227
2015,Maryland,Not eligible,279.2075
2015,Maryland,Information not available,à
2015,Massachusetts,Eligible,260.1709
2015,Massachusetts,Not eligible,285.5213
2015,Massachusetts,Information not available,à
2015,Michigan,Eligible,252.0350
2015,Michigan,Not eligible,274.6113
2015,Michigan,Information not available,à
2015,Minnesota,Eligible,254.6469
2015,Minnesota,Not eligible,278.6002
2015,Minnesota,Information not available,à
2015,Mississippi,Eligible,245.1336
2015,Mississippi,Not eligible,270.0799
2015,Mississippi,Information not available,à
2015,Missouri,Eligible,254.5896
2015,Missouri,Not eligible,277.5977
2015,Missouri,Information not available,à
2015,Montana,Eligible,258.5266
2015,Montana,Not eligible,278.5012
2015,Montana,Information not available,à
2015,Nebraska,Eligible,255.9124
2015,Nebraska,Not eligible,279.3259
2015,Nebraska,Information not available,à
2015,Nevada,Eligible,250.2275
2015,Nevada,Not eligible,269.9130
2015,Nevada,Information not available,à
2015,New Hampshire,Eligible,260.1170
2015,New Hampshire,Not eligible,279.6057
2015,New Hampshire,Information not available,à
2015,New Jersey,Eligible,251.8626
2015,New Jersey,Not eligible,279.9497
2015,New Jersey,Information not available,à
2015,New Mexico,Eligible,247.4741
2015,New Mexico,Not eligible,266.2734
2015,New Mexico,Information not available,à
2015,New York,Eligible,253.5505
2015,New York,Not eligible,275.1690
2015,New York,Information not available,à
2015,North Carolina,Eligible,248.7073
2015,North Carolina,Not eligible,277.0195
2015,North Carolina,Information not available,à
2015,North Dakota,Eligible,254.0701
2015,North Dakota,Not eligible,272.3538
2015,North Dakota,Information not available,à
2015,Ohio,Eligible,252.0944
2015,Ohio,Not eligible,278.7107
2015,Ohio,Information not available,à
2015,Oklahoma,Eligible,255.2627
2015,Oklahoma,Not eligible,272.3411
2015,Oklahoma,Information not available,à
2015,Oregon,Eligible,258.3699
2015,Oregon,Not eligible,278.8518
2015,Oregon,Information not available,à
2015,Pennsylvania,Eligible,252.9580
2015,Pennsylvania,Not eligible,282.4047
2015,Pennsylvania,Information not available,à
2015,Rhode Island,Eligible,250.0421
2015,Rhode Island,Not eligible,277.4380
2015,Rhode Island,Information not available,à
2015,South Carolina,Eligible,250.0763
2015,South Carolina,Not eligible,273.9619
2015,South Carolina,Information not available,à
2015,South Dakota,Eligible,255.8564
2015,South Dakota,Not eligible,273.7028
2015,South Dakota,Information not available,à
2015,Tennessee,Eligible,253.7114
2015,Tennessee,Not eligible,277.5892
2015,Tennessee,Information not available,à
2015,Texas,Eligible,251.8135
2015,Texas,Not eligible,272.0651
2015,Texas,Information not available,à
2015,Utah,Eligible,255.7683
2015,Utah,Not eligible,277.0797
2015,Utah,Information not available,à
2015,Vermont,Eligible,260.9057
2015,Vermont,Not eligible,282.2402
2015,Vermont,Information not available,à
2015,Virginia,Eligible,250.4675
2015,Virginia,Not eligible,277.5039
2015,Virginia,Information not available,à
2015,Washington,Eligible,253.6523
2015,Washington,Not eligible,280.5896
2015,Washington,Information not available,à
2015,West Virginia,Eligible,255.6269
2015,West Virginia,Not eligible,268.2976
2015,West Virginia,Information not available,à
2015,Wisconsin,Eligible,253.1679
2015,Wisconsin,Not eligible,277.5282
2015,Wisconsin,Information not available,278.1295
2015,Wyoming,Eligible,257.1701
2015,Wyoming,Not eligible,275.5654
2015,Wyoming,Information not available,à
2013,National,Eligible,254.0116
2013,National,Not eligible,278.2034
2013,National,Information not available,286.4265
2013,Alabama,Eligible,246.0760
2013,Alabama,Not eligible,272.0196
2013,Alabama,Information not available,à
2013,Alaska,Eligible,247.4444
2013,Alaska,Not eligible,272.6858
2013,Alaska,Information not available,à
2013,Arizona,Eligible,250.5767
2013,Arizona,Not eligible,272.8501
2013,Arizona,Information not available,274.0738
2013,Arkansas,Eligible,252.6288
2013,Arkansas,Not eligible,274.8436
2013,Arkansas,Information not available,à
2013,California,Eligible,250.8180
2013,California,Not eligible,276.2364
2013,California,Information not available,267.3802
2013,Colorado,Eligible,256.2118
2013,Colorado,Not eligible,280.9294
2013,Colorado,Information not available,à
2013,Connecticut,Eligible,255.7523
2013,Connecticut,Not eligible,284.2722
2013,Connecticut,Information not available,à
2013,Delaware,Eligible,255.2338
2013,Delaware,Not eligible,275.5452
2013,Delaware,Information not available,à
2013,District of Columbia,Eligible,240.7246
2013,District of Columbia,Not eligible,271.3077
2013,District of Columbia,Information not available,à
2013,DoDEA,Eligible,à
2013,DoDEA,Not eligible,à
2013,DoDEA,Information not available,à
2013,Florida,Eligible,257.2195
2013,Florida,Not eligible,276.9000
2013,Florida,Information not available,à
2013,Georgia,Eligible,255.2665
2013,Georgia,Not eligible,277.7026
2013,Georgia,Information not available,à
2013,Hawaii,Eligible,250.9982
2013,Hawaii,Not eligible,269.5130
2013,Hawaii,Information not available,à
2013,Idaho,Eligible,261.2047
2013,Idaho,Not eligible,277.4662
2013,Idaho,Information not available,à
2013,Illinois,Eligible,251.9850
2013,Illinois,Not eligible,279.5814
2013,Illinois,Information not available,à
2013,Indiana,Eligible,257.1717
2013,Indiana,Not eligible,275.8204
2013,Indiana,Information not available,à
2013,Iowa,Eligible,256.5930
2013,Iowa,Not eligible,276.6357
2013,Iowa,Information not available,à
2013,Kansas,Eligible,254.1328
2013,Kansas,Not eligible,277.5529
2013,Kansas,Information not available,à
2013,Kentucky,Eligible,257.9613
2013,Kentucky,Not eligible,280.7451
2013,Kentucky,Information not available,à
2013,Louisiana,Eligible,250.2771
2013,Louisiana,Not eligible,270.8405
2013,Louisiana,Information not available,à
2013,Maine,Eligible,260.2250
2013,Maine,Not eligible,275.7923
2013,Maine,Information not available,à
2013,Maryland,Eligible,259.8966
2013,Maryland,Not eligible,282.6999
2013,Maryland,Information not available,à
2013,Massachusetts,Eligible,259.5857
2013,Massachusetts,Not eligible,287.7969
2013,Massachusetts,Information not available,269.8512
2013,Michigan,Eligible,253.9719
2013,Michigan,Not eligible,276.0602
2013,Michigan,Information not available,à
2013,Minnesota,Eligible,254.5533
2013,Minnesota,Not eligible,279.0524
2013,Minnesota,Information not available,à
2013,Mississippi,Eligible,245.9822
2013,Mississippi,Not eligible,269.1525
2013,Mississippi,Information not available,à
2013,Missouri,Eligible,256.3420
2013,Missouri,Not eligible,277.0320
2013,Missouri,Information not available,à
2013,Montana,Eligible,261.2181
2013,Montana,Not eligible,278.4783
2013,Montana,Information not available,à
2013,Nebraska,Eligible,257.2071
2013,Nebraska,Not eligible,278.3902
2013,Nebraska,Information not available,à
2013,Nevada,Eligible,253.7004
2013,Nevada,Not eligible,271.6997
2013,Nevada,Information not available,à
2013,New Hampshire,Eligible,259.0230
2013,New Hampshire,Not eligible,279.0040
2013,New Hampshire,Information not available,à
2013,New Jersey,Eligible,260.9372
2013,New Jersey,Not eligible,284.5737
2013,New Jersey,Information not available,à
2013,New Mexico,Eligible,249.8090
2013,New Mexico,Not eligible,269.7354
2013,New Mexico,Information not available,à
2013,New York,Eligible,253.0550
2013,New York,Not eligible,277.5098
2013,New York,Information not available,à
2013,North Carolina,Eligible,253.0581
2013,North Carolina,Not eligible,278.4483
2013,North Carolina,Information not available,à
2013,North Dakota,Eligible,254.5174
2013,North Dakota,Not eligible,273.3160
2013,North Dakota,Information not available,à
2013,Ohio,Eligible,254.2086
2013,Ohio,Not eligible,279.6000
2013,Ohio,Information not available,à
2013,Oklahoma,Eligible,253.7345
2013,Oklahoma,Not eligible,271.2418
2013,Oklahoma,Information not available,à
2013,Oregon,Eligible,257.5115
2013,Oregon,Not eligible,281.3630
2013,Oregon,Information not available,à
2013,Pennsylvania,Eligible,258.0458
2013,Pennsylvania,Not eligible,281.6664
2013,Pennsylvania,Information not available,à
2013,Rhode Island,Eligible,251.9361
2013,Rhode Island,Not eligible,278.1070
2013,Rhode Island,Information not available,à
2013,South Carolina,Eligible,250.1449
2013,South Carolina,Not eligible,274.7453
2013,South Carolina,Information not available,à
2013,South Dakota,Eligible,258.7077
2013,South Dakota,Not eligible,273.3542
2013,South Dakota,Information not available,à
2013,Tennessee,Eligible,256.0907
2013,Tennessee,Not eligible,275.8242
2013,Tennessee,Information not available,à
2013,Texas,Eligible,254.0595
2013,Texas,Not eligible,276.1136
2013,Texas,Information not available,à
2013,Utah,Eligible,259.5337
2013,Utah,Not eligible,276.3862
2013,Utah,Information not available,à
2013,Vermont,Eligible,261.1085
2013,Vermont,Not eligible,282.2991
2013,Vermont,Information not available,à
2013,Virginia,Eligible,251.4773
2013,Virginia,Not eligible,276.4866
2013,Virginia,Information not available,à
2013,Washington,Eligible,258.1779
2013,Washington,Not eligible,282.9156
2013,Washington,Information not available,à
2013,West Virginia,Eligible,250.0537
2013,West Virginia,Not eligible,266.9282
2013,West Virginia,Information not available,à
2013,Wisconsin,Eligible,253.9005
2013,Wisconsin,Not eligible,276.3489
2013,Wisconsin,Information not available,à
2013,Wyoming,Eligible,262.3377
2013,Wyoming,Not eligible,275.9426
2013,Wyoming,Information not available,à
2011,National,Eligible,251.5135
2011,National,Not eligible,275.1793
2011,National,Information not available,282.6010
2011,Alabama,Eligible,248.2205
2011,Alabama,Not eligible,269.8505
2011,Alabama,Information not available,à
2011,Alaska,Eligible,244.7861
2011,Alaska,Not eligible,273.0940
2011,Alaska,Information not available,à
2011,Arizona,Eligible,249.4421
2011,Arizona,Not eligible,271.0192
2011,Arizona,Information not available,275.9666
2011,Arkansas,Eligible,249.6237
2011,Arkansas,Not eligible,271.8116
2011,Arkansas,Information not available,à
2011,California,Eligible,244.3050
2011,California,Not eligible,267.8029
2011,California,Information not available,260.2694
2011,Colorado,Eligible,253.6044
2011,Colorado,Not eligible,280.8096
2011,Colorado,Information not available,à
2011,Connecticut,Eligible,256.6630
2011,Connecticut,Not eligible,283.3038
2011,Connecticut,Information not available,à
2011,Delaware,Eligible,256.0735
2011,Delaware,Not eligible,273.2868
2011,Delaware,Information not available,à
2011,District of Columbia,Eligible,235.3996
2011,District of Columbia,Not eligible,258.7849
2011,District of Columbia,Information not available,à
2011,DoDEA,Eligible,à
2011,DoDEA,Not eligible,à
2011,DoDEA,Information not available,à
2011,Florida,Eligible,253.5284
2011,Florida,Not eligible,272.5736
2011,Florida,Information not available,à
2011,Georgia,Eligible,252.8022
2011,Georgia,Not eligible,274.4920
2011,Georgia,Information not available,à
2011,Hawaii,Eligible,246.0279
2011,Hawaii,Not eligible,266.8939
2011,Hawaii,Information not available,à
2011,Idaho,Eligible,259.3120
2011,Idaho,Not eligible,274.9016
2011,Idaho,Information not available,à
2011,Illinois,Eligible,252.9906
2011,Illinois,Not eligible,277.4151
2011,Illinois,Information not available,à
2011,Indiana,Eligible,254.1679
2011,Indiana,Not eligible,272.9613
2011,Indiana,Information not available,à
2011,Iowa,Eligible,252.9236
2011,Iowa,Not eligible,271.5527
2011,Iowa,Information not available,à
2011,Kansas,Eligible,255.9500
2011,Kansas,Not eligible,276.2141
2011,Kansas,Information not available,à
2011,Kentucky,Eligible,260.2490
2011,Kentucky,Not eligible,277.7731
2011,Kentucky,Information not available,à
2011,Louisiana,Eligible,246.5289
2011,Louisiana,Not eligible,267.8956
2011,Louisiana,Information not available,à
2011,Maine,Eligible,258.2909
2011,Maine,Not eligible,277.9904
2011,Maine,Information not available,à
2011,Maryland,Eligible,252.8409
2011,Maryland,Not eligible,279.9188
2011,Maryland,Information not available,à
2011,Massachusetts,Eligible,257.4972
2011,Massachusetts,Not eligible,284.0461
2011,Massachusetts,Information not available,à
2011,Michigan,Eligible,253.3494
2011,Michigan,Not eligible,273.8347
2011,Michigan,Information not available,à
2011,Minnesota,Eligible,255.3417
2011,Minnesota,Not eligible,276.8165
2011,Minnesota,Information not available,à
2011,Mississippi,Eligible,245.6657
2011,Mississippi,Not eligible,271.2407
2011,Mississippi,Information not available,à
2011,Missouri,Eligible,254.6548
2011,Missouri,Not eligible,275.7266
2011,Missouri,Information not available,à
2011,Montana,Eligible,263.2713
2011,Montana,Not eligible,278.5288
2011,Montana,Information not available,à
2011,Nebraska,Eligible,254.6769
2011,Nebraska,Not eligible,275.9091
2011,Nebraska,Information not available,à
2011,Nevada,Eligible,247.8235
2011,Nevada,Not eligible,267.3781
2011,Nevada,Information not available,à
2011,New Hampshire,Eligible,257.0592
2011,New Hampshire,Not eligible,276.2454
2011,New Hampshire,Information not available,à
2011,New Jersey,Eligible,255.2275
2011,New Jersey,Not eligible,283.4883
2011,New Jersey,Information not available,à
2011,New Mexico,Eligible,249.2168
2011,New Mexico,Not eligible,267.4182
2011,New Mexico,Information not available,à
2011,New York,Eligible,254.7135
2011,New York,Not eligible,277.0038
2011,New York,Information not available,à
2011,North Carolina,Eligible,251.8252
2011,North Carolina,Not eligible,274.3202
2011,North Carolina,Information not available,à
2011,North Dakota,Eligible,257.0891
2011,North Dakota,Not eligible,273.6322
2011,North Dakota,Information not available,à
2011,Ohio,Eligible,254.8534
2011,Ohio,Not eligible,278.3194
2011,Ohio,Information not available,à
2011,Oklahoma,Eligible,253.6237
2011,Oklahoma,Not eligible,267.6012
2011,Oklahoma,Information not available,à
2011,Oregon,Eligible,252.5281
2011,Oregon,Not eligible,276.2535
2011,Oregon,Information not available,à
2011,Pennsylvania,Eligible,251.7938
2011,Pennsylvania,Not eligible,278.3080
2011,Pennsylvania,Information not available,à
2011,Rhode Island,Eligible,251.0725
2011,Rhode Island,Not eligible,274.9634
2011,Rhode Island,Information not available,à
2011,South Carolina,Eligible,249.9566
2011,South Carolina,Not eligible,271.0882
2011,South Carolina,Information not available,à
2011,South Dakota,Eligible,257.4998
2011,South Dakota,Not eligible,275.0862
2011,South Dakota,Information not available,à
2011,Tennessee,Eligible,249.5105
2011,Tennessee,Not eligible,270.1022
2011,Tennessee,Information not available,à
2011,Texas,Eligible,252.6290
2011,Texas,Not eligible,273.7433
2011,Texas,Information not available,à
2011,Utah,Eligible,253.5843
2011,Utah,Not eligible,274.3423
2011,Utah,Information not available,à
2011,Vermont,Eligible,259.5503
2011,Vermont,Not eligible,280.8621
2011,Vermont,Information not available,à
2011,Virginia,Eligible,249.5492
2011,Virginia,Not eligible,275.6448
2011,Virginia,Information not available,à
2011,Washington,Eligible,254.7925
2011,Washington,Not eligible,276.0971
2011,Washington,Information not available,à
2011,West Virginia,Eligible,246.4601
2011,West Virginia,Not eligible,264.4507
2011,West Virginia,Information not available,à
2011,Wisconsin,Eligible,250.8234
2011,Wisconsin,Not eligible,275.2628
2011,Wisconsin,Information not available,à
2011,Wyoming,Eligible,259.8283
2011,Wyoming,Not eligible,274.7710
2011,Wyoming,Information not available,à
2009,National,Eligible,248.7969
2009,National,Not eligible,273.1345
2009,National,Information not available,279.5763
2009,Alabama,Eligible,242.6129
2009,Alabama,Not eligible,267.0800
2009,Alabama,Information not available,à
2009,Alaska,Eligible,246.6720
2009,Alaska,Not eligible,267.4373
2009,Alaska,Information not available,à
2009,Arizona,Eligible,243.9531
2009,Arizona,Not eligible,269.4208
2009,Arizona,Information not available,à
2009,Arkansas,Eligible,248.0908
2009,Arkansas,Not eligible,269.3502
2009,Arkansas,Information not available,à
2009,California,Eligible,241.0719
2009,California,Not eligible,266.6461
2009,California,Information not available,244.6221
2009,Colorado,Eligible,250.5962
2009,Colorado,Not eligible,272.9754
2009,Colorado,Information not available,282.5217
2009,Connecticut,Eligible,250.4050
2009,Connecticut,Not eligible,279.2647
2009,Connecticut,Information not available,à
2009,Delaware,Eligible,253.4370
2009,Delaware,Not eligible,272.0245
2009,Delaware,Information not available,à
2009,District of Columbia,Eligible,237.1802
2009,District of Columbia,Not eligible,256.0817
2009,District of Columbia,Information not available,à
2009,DoDEA,Eligible,à
2009,DoDEA,Not eligible,à
2009,DoDEA,Information not available,à
2009,Florida,Eligible,254.6460
2009,Florida,Not eligible,273.2071
2009,Florida,Information not available,à
2009,Georgia,Eligible,249.1605
2009,Georgia,Not eligible,271.5772
2009,Georgia,Information not available,à
2009,Hawaii,Eligible,246.0757
2009,Hawaii,Not eligible,260.6424
2009,Hawaii,Information not available,à
2009,Idaho,Eligible,253.8794
2009,Idaho,Not eligible,270.6833
2009,Idaho,Information not available,à
2009,Illinois,Eligible,248.5890
2009,Illinois,Not eligible,274.6164
2009,Illinois,Information not available,à
2009,Indiana,Eligible,254.0364
2009,Indiana,Not eligible,272.5165
2009,Indiana,Information not available,à
2009,Iowa,Eligible,253.3529
2009,Iowa,Not eligible,270.4628
2009,Iowa,Information not available,à
2009,Kansas,Eligible,254.8166
2009,Kansas,Not eligible,275.4381
2009,Kansas,Information not available,à
2009,Kentucky,Eligible,256.7891
2009,Kentucky,Not eligible,275.9228
2009,Kentucky,Information not available,à
2009,Louisiana,Eligible,245.6534
2009,Louisiana,Not eligible,265.9417
2009,Louisiana,Information not available,à
2009,Maine,Eligible,258.5189
2009,Maine,Not eligible,272.4994
2009,Maine,Information not available,à
2009,Maryland,Eligible,249.6802
2009,Maryland,Not eligible,274.8571
2009,Maryland,Information not available,à
2009,Massachusetts,Eligible,254.1324
2009,Massachusetts,Not eligible,281.5295
2009,Massachusetts,Information not available,à
2009,Michigan,Eligible,246.7879
2009,Michigan,Not eligible,271.0004
2009,Michigan,Information not available,à
2009,Minnesota,Eligible,251.7508
2009,Minnesota,Not eligible,276.2438
2009,Minnesota,Information not available,à
2009,Mississippi,Eligible,243.2734
2009,Mississippi,Not eligible,267.2542
2009,Mississippi,Information not available,à
2009,Missouri,Eligible,253.1955
2009,Missouri,Not eligible,274.6552
2009,Missouri,Information not available,à
2009,Montana,Eligible,261.1675
2009,Montana,Not eligible,275.1551
2009,Montana,Information not available,à
2009,Nebraska,Eligible,252.6000
2009,Nebraska,Not eligible,275.2466
2009,Nebraska,Information not available,à
2009,Nevada,Eligible,243.0617
2009,Nevada,Not eligible,259.5391
2009,Nevada,Information not available,à
2009,New Hampshire,Eligible,256.7613
2009,New Hampshire,Not eligible,273.8691
2009,New Hampshire,Information not available,282.0573
2009,New Jersey,Eligible,252.8185
2009,New Jersey,Not eligible,279.3327
2009,New Jersey,Information not available,à
2009,New Mexico,Eligible,246.1819
2009,New Mexico,Not eligible,267.9088
2009,New Mexico,Information not available,à
2009,New York,Eligible,251.5825
2009,New York,Not eligible,275.4154
2009,New York,Information not available,254.4114
2009,North Carolina,Eligible,245.1274
2009,North Carolina,Not eligible,270.7808
2009,North Carolina,Information not available,à
2009,North Dakota,Eligible,259.5304
2009,North Dakota,Not eligible,273.0414
2009,North Dakota,Information not available,à
2009,Ohio,Eligible,255.1859
2009,Ohio,Not eligible,275.6449
2009,Ohio,Information not available,à
2009,Oklahoma,Eligible,250.1578
2009,Oklahoma,Not eligible,268.3729
2009,Oklahoma,Information not available,à
2009,Oregon,Eligible,252.2354
2009,Oregon,Not eligible,274.0919
2009,Oregon,Information not available,à
2009,Pennsylvania,Eligible,253.1023
2009,Pennsylvania,Not eligible,279.4198
2009,Pennsylvania,Information not available,à
2009,Rhode Island,Eligible,245.2434
2009,Rhode Island,Not eligible,268.6070
2009,Rhode Island,Information not available,à
2009,South Carolina,Eligible,246.1660
2009,South Carolina,Not eligible,268.6473
2009,South Carolina,Information not available,à
2009,South Dakota,Eligible,257.7775
2009,South Dakota,Not eligible,275.5549
2009,South Dakota,Information not available,à
2009,Tennessee,Eligible,249.6973
2009,Tennessee,Not eligible,269.2809
2009,Tennessee,Information not available,à
2009,Texas,Eligible,249.4933
2009,Texas,Not eligible,272.6389
2009,Texas,Information not available,à
2009,Utah,Eligible,250.5007
2009,Utah,Not eligible,270.8263
2009,Utah,Information not available,272.8462
2009,Vermont,Eligible,259.6812
2009,Vermont,Not eligible,277.3846
2009,Vermont,Information not available,à
2009,Virginia,Eligible,250.9063
2009,Virginia,Not eligible,272.2327
2009,Virginia,Information not available,à
2009,Washington,Eligible,253.9999
2009,Washington,Not eligible,274.6862
2009,Washington,Information not available,à
2009,West Virginia,Eligible,246.2534
2009,West Virginia,Not eligible,263.8727
2009,West Virginia,Information not available,à
2009,Wisconsin,Eligible,249.3739
2009,Wisconsin,Not eligible,272.8891
2009,Wisconsin,Information not available,à
2009,Wyoming,Eligible,257.0944
2009,Wyoming,Not eligible,272.5358
2009,Wyoming,Information not available,à
2007,National,Eligible,247.3031
2007,National,Not eligible,271.3046
2007,National,Information not available,277.2986
2007,Alabama,Eligible,240.5937
2007,Alabama,Not eligible,263.0527
2007,Alabama,Information not available,à
2007,Alaska,Eligible,244.3917
2007,Alaska,Not eligible,267.6316
2007,Alaska,Information not available,à
2007,Arizona,Eligible,241.1333
2007,Arizona,Not eligible,265.1241
2007,Arizona,Information not available,272.2094
2007,Arkansas,Eligible,247.3870
2007,Arkansas,Not eligible,269.0063
2007,Arkansas,Information not available,à
2007,California,Eligible,239.0617
2007,California,Not eligible,263.6192
2007,California,Information not available,247.5710
2007,Colorado,Eligible,251.3081
2007,Colorado,Not eligible,273.4716
2007,Colorado,Information not available,à
2007,Connecticut,Eligible,243.4368
2007,Connecticut,Not eligible,275.4013
2007,Connecticut,Information not available,à
2007,Delaware,Eligible,253.8407
2007,Delaware,Not eligible,269.8700
2007,Delaware,Information not available,à
2007,District of Columbia,Eligible,234.2732
2007,District of Columbia,Not eligible,252.7688
2007,District of Columbia,Information not available,à
2007,DoDEA,Eligible,à
2007,DoDEA,Not eligible,à
2007,DoDEA,Information not available,à
2007,Florida,Eligible,249.1539
2007,Florida,Not eligible,267.6062
2007,Florida,Information not available,à
2007,Georgia,Eligible,246.8584
2007,Georgia,Not eligible,269.8245
2007,Georgia,Information not available,à
2007,Hawaii,Eligible,242.8511
2007,Hawaii,Not eligible,257.1217
2007,Hawaii,Information not available,à
2007,Idaho,Eligible,255.9343
2007,Idaho,Not eligible,269.8472
2007,Idaho,Information not available,à
2007,Illinois,Eligible,248.8957
2007,Illinois,Not eligible,271.7422
2007,Illinois,Information not available,à
2007,Indiana,Eligible,250.7089
2007,Indiana,Not eligible,271.3732
2007,Indiana,Information not available,à
2007,Iowa,Eligible,252.9531
2007,Iowa,Not eligible,273.8766
2007,Iowa,Information not available,à
2007,Kansas,Eligible,253.3741
2007,Kansas,Not eligible,275.3926
2007,Kansas,Information not available,à
2007,Kentucky,Eligible,252.2010
2007,Kentucky,Not eligible,270.8956
2007,Kentucky,Information not available,à
2007,Louisiana,Eligible,245.1222
2007,Louisiana,Not eligible,264.9259
2007,Louisiana,Information not available,à
2007,Maine,Eligible,260.6674
2007,Maine,Not eligible,274.3231
2007,Maine,Information not available,à
2007,Maryland,Eligible,250.9145
2007,Maryland,Not eligible,270.9915
2007,Maryland,Information not available,à
2007,Massachusetts,Eligible,255.9426
2007,Massachusetts,Not eligible,279.4518
2007,Massachusetts,Information not available,à
2007,Michigan,Eligible,243.6968
2007,Michigan,Not eligible,268.2125
2007,Michigan,Information not available,à
2007,Minnesota,Eligible,253.6155
2007,Minnesota,Not eligible,273.4713
2007,Minnesota,Information not available,à
2007,Mississippi,Eligible,242.0060
2007,Mississippi,Not eligible,265.7562
2007,Mississippi,Information not available,à
2007,Missouri,Eligible,251.5370
2007,Missouri,Not eligible,271.2515
2007,Missouri,Information not available,à
2007,Montana,Eligible,259.8458
2007,Montana,Not eligible,276.6688
2007,Montana,Information not available,à
2007,Nebraska,Eligible,253.5663
2007,Nebraska,Not eligible,273.3267
2007,Nebraska,Information not available,à
2007,Nevada,Eligible,240.2355
2007,Nevada,Not eligible,260.0259
2007,Nevada,Information not available,246.4028
2007,New Hampshire,Eligible,257.1657
2007,New Hampshire,Not eligible,272.1871
2007,New Hampshire,Information not available,270.0862
2007,New Jersey,Eligible,250.8590
2007,New Jersey,Not eligible,277.1434
2007,New Jersey,Information not available,à
2007,New Mexico,Eligible,241.9893
2007,New Mexico,Not eligible,264.0923
2007,New Mexico,Information not available,à
2007,New York,Eligible,250.4195
2007,New York,Not eligible,275.4454
2007,New York,Information not available,à
2007,North Carolina,Eligible,245.5255
2007,North Carolina,Not eligible,270.4078
2007,North Carolina,Information not available,à
2007,North Dakota,Eligible,257.7837
2007,North Dakota,Not eligible,271.7065
2007,North Dakota,Information not available,à
2007,Ohio,Eligible,251.2800
2007,Ohio,Not eligible,275.4442
2007,Ohio,Information not available,à
2007,Oklahoma,Eligible,251.5147
2007,Oklahoma,Not eligible,267.6839
2007,Oklahoma,Information not available,à
2007,Oregon,Eligible,253.1774
2007,Oregon,Not eligible,273.9253
2007,Oregon,Information not available,263.4419
2007,Pennsylvania,Eligible,252.5277
2007,Pennsylvania,Not eligible,274.5770
2007,Pennsylvania,Information not available,à
2007,Rhode Island,Eligible,241.5842
2007,Rhode Island,Not eligible,266.6849
2007,Rhode Island,Information not available,à
2007,South Carolina,Eligible,244.5632
2007,South Carolina,Not eligible,269.1339
2007,South Carolina,Information not available,à
2007,South Dakota,Eligible,259.0255
2007,South Dakota,Not eligible,274.2941
2007,South Dakota,Information not available,à
2007,Tennessee,Eligible,247.3051
2007,Tennessee,Not eligible,268.7896
2007,Tennessee,Information not available,à
2007,Texas,Eligible,249.3475
2007,Texas,Not eligible,273.1965
2007,Texas,Information not available,à
2007,Utah,Eligible,251.7898
2007,Utah,Not eligible,266.8491
2007,Utah,Information not available,à
2007,Vermont,Eligible,260.3381
2007,Vermont,Not eligible,277.5805
2007,Vermont,Information not available,à
2007,Virginia,Eligible,252.4733
2007,Virginia,Not eligible,271.9868
2007,Virginia,Information not available,à
2007,Washington,Eligible,250.6280
2007,Washington,Not eligible,272.0963
2007,Washington,Information not available,à
2007,West Virginia,Eligible,245.8704
2007,West Virginia,Not eligible,262.7510
2007,West Virginia,Information not available,à
2007,Wisconsin,Eligible,245.8162
2007,Wisconsin,Not eligible,271.7900
2007,Wisconsin,Information not available,à
2007,Wyoming,Eligible,255.4179
2007,Wyoming,Not eligible,270.2051
2007,Wyoming,Information not available,à
2005,National,Eligible,246.8048
2005,National,Not eligible,270.2304
2005,National,Information not available,274.8981
2005,Alabama,Eligible,238.7176
2005,Alabama,Not eligible,264.6315
2005,Alabama,Information not available,à
2005,Alaska,Eligible,241.3487
2005,Alaska,Not eligible,266.9246
2005,Alaska,Information not available,à
2005,Arizona,Eligible,241.8797
2005,Arizona,Not eligible,264.9893
2005,Arizona,Information not available,260.6899
2005,Arkansas,Eligible,246.9891
2005,Arkansas,Not eligible,267.8241
2005,Arkansas,Information not available,à
2005,California,Eligible,238.5189
2005,California,Not eligible,261.5469
2005,California,Information not available,244.7875
2005,Colorado,Eligible,248.0165
2005,Colorado,Not eligible,272.1845
2005,Colorado,Information not available,à
2005,Connecticut,Eligible,242.5114
2005,Connecticut,Not eligible,272.2153
2005,Connecticut,Information not available,à
2005,Delaware,Eligible,253.7607
2005,Delaware,Not eligible,270.6701
2005,Delaware,Information not available,282.4129
2005,District of Columbia,Eligible,233.8808
2005,District of Columbia,Not eligible,249.2991
2005,District of Columbia,Information not available,à
2005,DoDEA,Eligible,à
2005,DoDEA,Not eligible,à
2005,DoDEA,Information not available,à
2005,Florida,Eligible,245.8800
2005,Florida,Not eligible,263.7370
2005,Florida,Information not available,à
2005,Georgia,Eligible,242.9105
2005,Georgia,Not eligible,269.0259
2005,Georgia,Information not available,252.3668
2005,Hawaii,Eligible,239.1078
2005,Hawaii,Not eligible,255.5164
2005,Hawaii,Information not available,à
2005,Idaho,Eligible,255.8876
2005,Idaho,Not eligible,269.2558
2005,Idaho,Information not available,à
2005,Illinois,Eligible,248.4251
2005,Illinois,Not eligible,272.5855
2005,Illinois,Information not available,à
2005,Indiana,Eligible,249.5250
2005,Indiana,Not eligible,267.7139
2005,Indiana,Information not available,à
2005,Iowa,Eligible,255.2616
2005,Iowa,Not eligible,271.7605
2005,Iowa,Information not available,à
2005,Kansas,Eligible,253.8964
2005,Kansas,Not eligible,274.6223
2005,Kansas,Information not available,à
2005,Kentucky,Eligible,255.7007
2005,Kentucky,Not eligible,270.9070
2005,Kentucky,Information not available,à
2005,Louisiana,Eligible,244.2142
2005,Louisiana,Not eligible,263.7258
2005,Louisiana,Information not available,257.2352
2005,Maine,Eligible,260.9390
2005,Maine,Not eligible,274.0862
2005,Maine,Information not available,à
2005,Maryland,Eligible,243.0058
2005,Maryland,Not eligible,268.9601
2005,Maryland,Information not available,252.8187
2005,Massachusetts,Eligible,256.2672
2005,Massachusetts,Not eligible,280.4030
2005,Massachusetts,Information not available,274.6505
2005,Michigan,Eligible,245.9681
2005,Michigan,Not eligible,267.1238
2005,Michigan,Information not available,à
2005,Minnesota,Eligible,251.5729
2005,Minnesota,Not eligible,274.7680
2005,Minnesota,Information not available,à
2005,Mississippi,Eligible,241.3029
2005,Mississippi,Not eligible,266.2144
2005,Mississippi,Information not available,à
2005,Missouri,Eligible,253.0988
2005,Missouri,Not eligible,271.8678
2005,Missouri,Information not available,261.3297
2005,Montana,Eligible,258.5859
2005,Montana,Not eligible,274.0256
2005,Montana,Information not available,à
2005,Nebraska,Eligible,252.9457
2005,Nebraska,Not eligible,273.7838
2005,Nebraska,Information not available,à
2005,Nevada,Eligible,240.3534
2005,Nevada,Not eligible,259.2605
2005,Nevada,Information not available,251.2690
2005,New Hampshire,Eligible,254.7922
2005,New Hampshire,Not eligible,272.6860
2005,New Hampshire,Information not available,à
2005,New Jersey,Eligible,251.5631
2005,New Jersey,Not eligible,275.5892
2005,New Jersey,Information not available,272.8534
2005,New Mexico,Eligible,243.4521
2005,New Mexico,Not eligible,263.0636
2005,New Mexico,Information not available,257.0885
2005,New York,Eligible,252.6003
2005,New York,Not eligible,276.3469
2005,New York,Information not available,265.4949
2005,North Carolina,Eligible,244.3887
2005,North Carolina,Not eligible,267.0510
2005,North Carolina,Information not available,à
2005,North Dakota,Eligible,259.8212
2005,North Dakota,Not eligible,274.1259
2005,North Dakota,Information not available,à
2005,Ohio,Eligible,250.8448
2005,Ohio,Not eligible,274.2601
2005,Ohio,Information not available,273.3501
2005,Oklahoma,Eligible,251.6273
2005,Oklahoma,Not eligible,267.3719
2005,Oklahoma,Information not available,à
2005,Oregon,Eligible,252.2752
2005,Oregon,Not eligible,268.5508
2005,Oregon,Information not available,264.3067
2005,Pennsylvania,Eligible,246.6953
2005,Pennsylvania,Not eligible,276.3735
2005,Pennsylvania,Information not available,à
2005,Rhode Island,Eligible,242.9165
2005,Rhode Island,Not eligible,268.6901
2005,Rhode Island,Information not available,à
2005,South Carolina,Eligible,245.7682
2005,South Carolina,Not eligible,267.7470
2005,South Carolina,Information not available,à
2005,South Dakota,Eligible,258.7941
2005,South Dakota,Not eligible,273.7402
2005,South Dakota,Information not available,à
2005,Tennessee,Eligible,246.2844
2005,Tennessee,Not eligible,268.1944
2005,Tennessee,Information not available,à
2005,Texas,Eligible,246.6093
2005,Texas,Not eligible,268.9548
2005,Texas,Information not available,à
2005,Utah,Eligible,253.9026
2005,Utah,Not eligible,265.6832
2005,Utah,Information not available,à
2005,Vermont,Eligible,255.0313
2005,Vermont,Not eligible,274.3973
2005,Vermont,Information not available,à
2005,Virginia,Eligible,253.4635
2005,Virginia,Not eligible,273.1205
2005,Virginia,Information not available,à
2005,Washington,Eligible,250.5980
2005,Washington,Not eligible,272.0989
2005,Washington,Information not available,257.2795
2005,West Virginia,Eligible,245.4401
2005,West Virginia,Not eligible,263.1719
2005,West Virginia,Information not available,à
2005,Wisconsin,Eligible,249.3270
2005,Wisconsin,Not eligible,272.0418
2005,Wisconsin,Information not available,à
2005,Wyoming,Eligible,258.6671
2005,Wyoming,Not eligible,271.8412
2005,Wyoming,Information not available,à
2003,National,Eligible,246.6493
2003,National,Not eligible,271.4498
2003,National,Information not available,272.2938
2003,Alabama,Eligible,240.7053
2003,Alabama,Not eligible,264.9322
2003,Alabama,Information not available,à
2003,Alaska,Eligible,239.3470
2003,Alaska,Not eligible,262.9246
2003,Alaska,Information not available,257.0478
2003,Arizona,Eligible,241.4700
2003,Arizona,Not eligible,265.2677
2003,Arizona,Information not available,258.2384
2003,Arkansas,Eligible,249.6105
2003,Arkansas,Not eligible,267.0139
2003,Arkansas,Information not available,245.1585
2003,California,Eligible,237.4107
2003,California,Not eligible,264.2688
2003,California,Information not available,248.5425
2003,Colorado,Eligible,249.5360
2003,Colorado,Not eligible,274.1887
2003,Colorado,Information not available,à
2003,Connecticut,Eligible,244.9620
2003,Connecticut,Not eligible,274.8227
2003,Connecticut,Information not available,271.7312
2003,Delaware,Eligible,250.1571
2003,Delaware,Not eligible,271.2473
2003,Delaware,Information not available,273.5332
2003,District of Columbia,Eligible,231.8640
2003,District of Columbia,Not eligible,247.5538
2003,District of Columbia,Information not available,248.8420
2003,DoDEA,Eligible,à
2003,DoDEA,Not eligible,à
2003,DoDEA,Information not available,à
2003,Florida,Eligible,245.1835
2003,Florida,Not eligible,267.2720
2003,Florida,Information not available,268.9505
2003,Georgia,Eligible,243.3472
2003,Georgia,Not eligible,269.2437
2003,Georgia,Information not available,251.3882
2003,Hawaii,Eligible,240.2375
2003,Hawaii,Not eligible,259.3930
2003,Hawaii,Information not available,à
2003,Idaho,Eligible,253.7815
2003,Idaho,Not eligible,270.1991
2003,Idaho,Information not available,267.7525
2003,Illinois,Eligible,249.0745
2003,Illinois,Not eligible,276.3824
2003,Illinois,Information not available,261.6278
2003,Indiana,Eligible,247.5981
2003,Indiana,Not eligible,271.7939
2003,Indiana,Information not available,272.7333
2003,Iowa,Eligible,251.7345
2003,Iowa,Not eligible,272.6737
2003,Iowa,Information not available,274.6158
2003,Kansas,Eligible,252.6409
2003,Kansas,Not eligible,272.7543
2003,Kansas,Information not available,à
2003,Kentucky,Eligible,256.9293
2003,Kentucky,Not eligible,273.0896
2003,Kentucky,Information not available,à
2003,Louisiana,Eligible,244.6473
2003,Louisiana,Not eligible,265.5854
2003,Louisiana,Information not available,251.9552
2003,Maine,Eligible,257.7578
2003,Maine,Not eligible,272.6328
2003,Maine,Information not available,à
2003,Maryland,Eligible,242.1600
2003,Maryland,Not eligible,268.3016
2003,Maryland,Information not available,269.9560
2003,Massachusetts,Eligible,250.5375
2003,Massachusetts,Not eligible,279.9835
2003,Massachusetts,Information not available,277.7430
2003,Michigan,Eligible,247.1050
2003,Michigan,Not eligible,272.4464
2003,Michigan,Information not available,261.2723
2003,Minnesota,Eligible,247.6751
2003,Minnesota,Not eligible,273.6068
2003,Minnesota,Information not available,à
2003,Mississippi,Eligible,246.3239
2003,Mississippi,Not eligible,266.4280
2003,Mississippi,Information not available,259.7849
2003,Missouri,Eligible,254.5970
2003,Missouri,Not eligible,272.6810
2003,Missouri,Information not available,279.3139
2003,Montana,Eligible,258.4662
2003,Montana,Not eligible,274.7981
2003,Montana,Information not available,269.2718
2003,Nebraska,Eligible,252.7861
2003,Nebraska,Not eligible,272.6983
2003,Nebraska,Information not available,261.6007
2003,Nevada,Eligible,241.6326
2003,Nevada,Not eligible,258.1293
2003,Nevada,Information not available,à
2003,New Hampshire,Eligible,254.8676
2003,New Hampshire,Not eligible,272.8955
2003,New Hampshire,Information not available,277.7579
2003,New Jersey,Eligible,245.5196
2003,New Jersey,Not eligible,275.3244
2003,New Jersey,Information not available,270.5233
2003,New Mexico,Eligible,241.1204
2003,New Mexico,Not eligible,261.7393
2003,New Mexico,Information not available,262.8442
2003,New York,Eligible,249.0921
2003,New York,Not eligible,277.8577
2003,New York,Information not available,277.0733
2003,North Carolina,Eligible,246.6224
2003,North Carolina,Not eligible,270.3920
2003,North Carolina,Information not available,270.5383
2003,North Dakota,Eligible,259.2637
2003,North Dakota,Not eligible,273.3755
2003,North Dakota,Information not available,à
2003,Ohio,Eligible,250.5358
2003,Ohio,Not eligible,272.6341
2003,Ohio,Information not available,264.2827
2003,Oklahoma,Eligible,251.0557
2003,Oklahoma,Not eligible,270.5449
2003,Oklahoma,Information not available,à
2003,Oregon,Eligible,253.6584
2003,Oregon,Not eligible,267.5854
2003,Oregon,Information not available,270.2688
2003,Pennsylvania,Eligible,247.2964
2003,Pennsylvania,Not eligible,271.2010
2003,Pennsylvania,Information not available,257.2348
2003,Rhode Island,Eligible,245.3497
2003,Rhode Island,Not eligible,269.9287
2003,Rhode Island,Information not available,238.9517
2003,South Carolina,Eligible,247.3484
2003,South Carolina,Not eligible,268.0588
2003,South Carolina,Information not available,à
2003,South Dakota,Eligible,260.9881
2003,South Dakota,Not eligible,274.2449
2003,South Dakota,Information not available,à
2003,Tennessee,Eligible,244.8393
2003,Tennessee,Not eligible,265.0623
2003,Tennessee,Information not available,271.8662
2003,Texas,Eligible,245.6466
2003,Texas,Not eligible,269.2836
2003,Texas,Information not available,à
2003,Utah,Eligible,250.7572
2003,Utah,Not eligible,269.2068
2003,Utah,Information not available,268.6306
2003,Vermont,Eligible,255.4210
2003,Vermont,Not eligible,275.7214
2003,Vermont,Information not available,à
2003,Virginia,Eligible,251.5068
2003,Virginia,Not eligible,274.3635
2003,Virginia,Information not available,266.2582
2003,Washington,Eligible,248.2833
2003,Washington,Not eligible,271.3185
2003,Washington,Information not available,268.9704
2003,West Virginia,Eligible,251.5179
2003,West Virginia,Not eligible,267.3133
2003,West Virginia,Information not available,à
2003,Wisconsin,Eligible,243.9757
2003,Wisconsin,Not eligible,272.2130
2003,Wisconsin,Information not available,273.1087
2003,Wyoming,Eligible,255.3706
2003,Wyoming,Not eligible,271.5178
2003,Wyoming,Information not available,à